keze,01101011011001010111101001100101
tbky,01110100011000100110101101111001
pgil,01110000011001110110100101101100
ynzl,01111001011011100111101001101100
duun,01100100011101010111010101101110
usoz,01110101011100110110111101111010
nwvs,01101110011101110111011001110011
pzke,01110000011110100110101101100101
iisf,01101001011010010111001101100110
wqhv,01110111011100010110100001110110
cueh,01100011011101010110010101101000
qfzq,01110001011001100111101001110001
zhup,01111010011010000111010101110000
eyvg,01100101011110010111011001100111
xwjj,01111000011101110110101001101010
chpo,01100011011010000111000001101111
lujp,01101100011101010110101001110000
xino,01111000011010010110111001101111
nike,01101110011010010110101101100101
oxrh,01101111011110000111001001101000
ddiq,01100100011001000110100101110001
bruv,01100010011100100111010101110110
zwop,01111010011101110110111101110000
zggs,01111010011001110110011101110011
wads,01110111011000010110010001110011
libn,01101100011010010110001001101110
sjul,01110011011010100111010101101100
jtuh,01101010011101000111010101101000
iiew,01101001011010010110010101110111
tahi,01110100011000010110100001101001
ecvi,01100101011000110111011001101001
djek,01100100011010100110010101101011
jhgl,01101010011010000110011101101100
alhz,01100001011011000110100001111010
ronf,01110010011011110110111001100110
rzco,01110010011110100110001101101111
vrql,01110110011100100111000101101100
nots,01101110011011110111010001110011
rctt,01110010011000110111010001110100
goep,01100111011011110110010101110000
wokd,01110111011011110110101101100100
pxbt,01110000011110000110001001110100
ckec,01100011011010110110010101100011
vuej,01110110011101010110010101101010
jgjj,01101010011001110110101001101010
fgxe,01100110011001110111100001100101
ztvq,01111010011101000111011001110001
akun,01100001011010110111010101101110
nnhj,01101110011011100110100001101010
dyhg,01100100011110010110100001100111
wwff,01110111011101110110011001100110
zedx,01111010011001010110010001111000
jeiw,01101010011001010110100101110111
podw,01110000011011110110010001110111
nrhb,01101110011100100110100001100010
xlvb,01111000011011000111011001100010
joyr,01101010011011110111100101110010
cmwu,01100011011011010111011101110101
xmbg,01111000011011010110001001100111
scyx,01110011011000110111100101111000
febl,01100110011001010110001001101100
jlgg,01101010011011000110011101100111
gsjn,01100111011100110110101001101110
nytn,01101110011110010111010001101110
edew,01100101011001000110010101110111
ujko,01110101011010100110101101101111
otzw,01101111011101000111101001110111
vkqx,01110110011010110111000101111000
hqkj,01101000011100010110101101101010
qorp,01110001011011110111001001110000
cfly,01100011011001100110110001111001
wlis,01110111011011000110100101110011
kkwd,01101011011010110111011101100100
ddve,01100100011001000111011001100101
amyx,01100001011011010111100101111000
xlwn,01111000011011000111011101101110
mnba,01101101011011100110001001100001
kmuo,01101011011011010111010101101111
hwny,01101000011101110110111001111001
mjol,01101101011010100110111101101100
rsuh,01110010011100110111010101101000
shzu,01110011011010000111101001110101
qhge,01110001011010000110011101100101
utlm,01110101011101000110110001101101
csvx,01100011011100110111011001111000
fubr,01100110011101010110001001110010
yzxg,01111001011110100111100001100111
stjx,01110011011101000110101001111000
hheo,01101000011010000110010101101111
aqgy,01100001011100010110011101111001
wupv,01110111011101010111000001110110
tbru,01110100011000100111001001110101
alss,01100001011011000111001101110011
unkf,01110101011011100110101101100110
iriy,01101001011100100110100101111001
agsj,01100001011001110111001101101010
edef,01100101011001000110010101100110
xvrb,01111000011101100111001001100010
qwtk,01110001011101110111010001101011
qoee,01110001011011110110010101100101
bmio,01100010011011010110100101101111
nift,01101110011010010110011001110100
